{
  "products": [
    {
      "id": 0,
      "title": "딸기",
      "from": "국내산",
      "photo": "pr1.jpg",
      "price": "4500원"
    },
    {
      "id": 1,
      "title": "라임",
      "from": "영국산",
      "photo": "pr2.jpg",
      "price": "4000원"
    },
    {
      "id": 2,
      "title": "망고",
      "from": "태국산",
      "photo": "pr3.jpg",
      "price": "5000원"
    },
    {
      "id": 3,
      "title": "수박",
      "from": "대구수박",
      "photo": "pr4.jpg",
      "price": "10000원"
    },
    {
      "id": 4,
      "title": "코코넛",
      "from": "후쿠시마산",
      "photo": "pr5.jpg",
      "price": "8000원"
    },
    {
      "id": 5,
      "title": "두리안",
      "from": "충주사과",
      "photo": "pr6.jpg",
      "price": "10000원"
    },
    {
      "id": 6,
      "title": "감",
      "from": "산타마리아",
      "photo": "pr7.jpg",
      "price": "7000원"
    },
    {
      "id": 7,
      "title": "구아바",
      "from": "필리핀",
      "photo": "pr8.jpg",
      "price": "3000원"
    },
    {
      "id": 8,
      "title": "석류",
      "from": "하와이",
      "photo": "pr9.jpg",
      "price": "6000원"
    },
    {
      "id": 9,
      "title": "워터애플",
      "from": "미국",
      "photo": "pr10.jpg",
      "price": "12000원"
    },
    {
      "id": 10,
      "title": "포멜로",
      "from": "캐나다",
      "photo": "pr11.jpg",
      "price": "9000원"
    },
    {
      "id": 11,
      "title": "용과",
      "from": "뉴질랜드",
      "photo": "pr12.jpg",
      "price": "7500원"
    },
    {
      "id": 12,
      "title": "스타애플",
      "from": "한국",
      "photo": "pr13.jpg",
      "price": "6000원"
    },
    {
      "id": 13,
      "title": "스타프루츠",
      "from": "에콰도르",
      "photo": "pr14.jpg",
      "price": "3500원"
    },
    {
      "id": 14,
      "title": "리치",
      "from": "브라질",
      "photo": "pr15.jpg",
      "price": "5000원"
    },
    {
      "id": 15,
      "title": "망고스틴",
      "from": "이탈리아",
      "photo": "pr16.jpg",
      "price": "5500원"
    },
    {
      "id": 16,
      "title": "파파야",
      "from": "칠레",
      "photo": "pr17.jpg",
      "price": "10000원"
    },
    {
      "id": 17,
      "title": "사우어솝",
      "from": "프랑스",
      "photo": "pr18.jpg",
      "price": "8000원"
    },
    {
      "id": 18,
      "title": "암바렐라",
      "from": "호주",
      "photo": "pr19.jpg",
      "price": "7000원"
    },
    {
      "id": 19,
      "title": "패션후르츠",
      "from": "스페인",
      "photo": "pr20.jpg",
      "price": "6000원"
    },
    {
      "id": 20,
      "title": "람부탄",
      "from": "이란",
      "photo": "pr21.jpg",
      "price": "5500원"
    },
    {
      "id": 21,
      "title": "용안",
      "from": "이집트",
      "photo": "pr22.jpg",
      "price": "4500원"
    }
    
  ]
}
